image_name,status,title,description,features,keywords,processed_at
product_1.jpg,success,Stylish Men's Slim Fit Jeans - Blue Denim,"Elevate your everyday look with these stylish men's slim fit jeans, designed for those who value comfort and fashion. Crafted from durable blue denim, they offer a modern, clean silhouette that complements any wardrobe. The subtle fade detail adds a touch of character, making them perfect for both casual outings and more polished settings. Whether paired with a tee or a crisp shirt, these jeans provide unparalleled versatility and style.",Slim fit — Enhances modern silhouettes | Durable denim — Long-lasting wear | Subtle fade detail — Adds stylish character | Versatile design — Suitable for any occasion | Comfortable stretch — Ensures ease of movement,"men's jeans, slim fit jeans, blue denim, stylish jeans, versatile jeans, men's fashion, durable denim, comfortable jeans, modern jeans, casual jeans",2026-04-23T18:57:12.197460
product_10.jpg,success,Sleek Black Athletic Shoe - Ultimate Comfort,"Step into style and comfort with our Sleek Black Athletic Shoe, designed to elevate your everyday look. The sleek black design with subtle texture ensures you stand out while enjoying maximum comfort. This shoe features a convenient slip-on style for easy wear, plus durable materials for lasting use. Perfect for active lifestyles, its robust sole provides excellent grip and stability across various terrains. Whether running errands or heading to the gym, these shoes offer an unmatched blend of fashion and function.","Comfortable fit — Slip-on design | Durable build — High-quality materials | Stylish appearance — Sleek black finish | Versatile use — Suitable for various activities | Stable footing — Robust, gripping sole","athletic shoes, black shoes, slip-on sneakers, durable footwear, comfortable sneakers, fashion shoes, gym shoes, everyday wear, sporty look, robust sole",2026-04-23T18:57:18.133328
product_11.jpg,success,Stylish Black Belt with Silver Buckle,"Elevate your outfit instantly with our Stylish Black Belt, designed to combine elegance and function. Made from high-quality materials, this belt features a striking silver buckle that adds a touch of sophistication to any ensemble. The black color ensures versatility, making it a perfect match for both casual and formal wear. Whether you’re heading to a business meeting or a night out, this belt is your go-to accessory for making a confident statement.",Versatile design — Perfect for casual and formal outfits | High-quality material — Durable and long-lasting wear | Sophisticated look — Features an elegant silver buckle | Perfect fit — Easily adjustable to fit various sizes | Timeless style — Classic black color for endless pairing options,"black belt, silver buckle, stylish belt, elegant belt, versatile belt, fashion accessory, quality belt, durable belt, adjustable belt, classic belt, formal belt, casual belt, black fashion belt, timeless design, men's accessories",2026-04-23T18:57:24.507906
product_12.jpg,success,Stylish Comfort Flip Flops for Everyday Wear,"Step into effortless comfort and style with our Fashion Product flip flops. Designed with a sleek black finish, these sandals offer a versatile look that's perfect for any casual outing. The ergonomic footbed supports your feet for all-day comfort, making them an ideal choice for beach days, strolls in the park, or casual hangouts. The durable sole ensures longevity while the classic thong strap design adds a trendy touch to your wardrobe. Elevate your summer footwear collection with these essential flip flops.",All-day comfort — Ergonomic footbed design | Versatile style — Sleek black finish | Durable wear — Sturdy sole construction | Trendy look — Classic thong strap | Lightweight design — Easy to pack for travel,"flip flops, stylish sandals, comfortable footwear, black flip flops, casual sandals, summer footwear, ergonomic design, durable sole, thong sandals, trendy flip flops",2026-04-23T18:57:29.748805
product_13.jpg,success,Chic Abstract Print Shoulder Bag - $29.99,"Elevate your style with this Chic Abstract Print Shoulder Bag, designed to turn heads wherever you go. This fashion-forward bag features a striking abstract print that adds a touch of artistic flair to any outfit. The sturdy strap and gold-tone hardware provide both durability and a luxe finish, making it perfect for everyday use or special occasions. With its spacious interior, this bag offers ample room to carry all your essentials with ease. Whether you're heading to a casual brunch or a night out, this versatile accessory is your go-to choice for effortless elegance.",Eye-catching design — Striking abstract print | Durable construction — Sturdy strap with gold-tone hardware | Spacious interior — Ample room for all essentials | Versatile use — Perfect for daily wear or special occasions | Luxe finish — Adds a touch of elegance to any outfit,"abstract print bag, fashion shoulder bag, stylish handbag, chic accessory, everyday bag, spacious purse, durable design, luxe handbag, versatile fashion, gold-tone hardware",2026-04-23T18:57:34.884557
product_15.jpg,success,Elegant Plum Long Sleeve Dress Shirt,"Step up your fashion game with our Elegant Plum Long Sleeve Dress Shirt, tailored to make a statement in any setting. This sophisticated shirt features a rich plum hue that exudes confidence and style, perfect for both business meetings and social events. The fine stitching and high-quality cotton blend provide a comfortable, breathable fit that ensures ease of movement throughout the day. With a classic button-down front and crisp collar, this shirt pairs effortlessly with your favorite accessories for a polished, modern look.",Confident style — Rich plum color | Ultimate comfort — High-quality cotton blend | Effortless elegance — Classic button-down front | Versatile wear — Suitable for business or casual | Perfect fit — Modern tailored design | Breathable fabric — Keeps you cool and comfortable | Easy care — Machine washable for convenience,"plum dress shirt, elegant shirt, long sleeve shirt, men's fashion, business attire, casual shirt, breathable cotton, tailored shirt, button-down, sophisticated shirt",2026-04-23T18:57:47.486656
product_2.jpg,success,Elegant Silver Women's Wristwatch,"Elevate your style with our Elegant Silver Women's Wristwatch, designed to complement any outfit with its sleek and minimalist look. The captivating silver dial, along with elegant markers, makes this watch a must-have accessory for any fashion-forward individual. The adjustable stainless steel bracelet ensures a comfortable fit, while the durable design ensures longevity.",Timeless Elegance — Classic silver dial with minimalist markers | Comfort Fit — Adjustable stainless steel bracelet | Durable Design — High-quality materials for lasting wear | Versatile Style — Suitable for both casual and formal outfits | Water-Resistant — Safeguards against everyday splashes,"women's watch, silver wristwatch, elegant watch, minimalist watch, fashion watch, ladies wristwatch, stainless steel watch, versatile accessory, durable watch, water-resistant watch",2026-04-23T18:58:29.405761
product_20.jpg,success,"Sleek Digital Watch with Robust Design, Waterproof","Experience unparalleled style and functionality with our sleek digital watch. Crafted for the modern adventurer, its robust black design exudes sophistication and durability, making it perfect for any occasion. The waterproof feature ensures reliability, whether you're facing the elements outdoors or navigating daily activities. Elevate your fashion statement with a timepiece that's as versatile as you are.",Sophisticated style — Durable black design complements any attire | Versatile functionality — Suitable for everyday use and outdoor adventures | Waterproof reliability — Perfect for all weather conditions | User-friendly interface — Intuitive digital display for quick time checks | Comfortable fit — Adjustable strap for prolonged wear,"digital watch, waterproof watch, black watch, durable watch, stylish watch, modern watch, men's watch, women's watch, fashion accessory, robust design watch",2026-04-23T18:58:35.756264
product_21.jpg,success,Stylish Black Sandals with Comfort Straps,"Step into comfort and style with our Fashion Sandals, designed for those who seek versatility and elegance. The sleek black design is perfectly complemented by secure straps, ensuring both form and function. Ideal for a night out or a casual day, these sandals feature a cushioned sole that promises all-day comfort. Whether paired with a dress or jeans, they provide a chic finishing touch to any outfit.",Comfortable all-day wear — Cushioned sole | Secure fit — Adjustable straps | Versatile style — Black design complements any outfit | Durable construction — Long-lasting materials | Fashion-forward — Sleek and trendy appearance,"fashion sandals, black sandals, comfortable sandals, stylish footwear, women's sandals, chic sandals, versatile shoes, cushioned sole footwear, trendy sandals, secure straps sandals, durable sandals, elegant black shoes, casual sandals, night out sandals",2026-04-23T18:58:41.309889
product_24.jpg,success,Chic Elegance: The Ultimate Style Solution,"Elevate your look with our Fashion Product, designed for those who embrace sophistication effortlessly. Its sleek design and premium quality make it a must-have accessory for any fashion-forward individual. The striking color and refined silhouette create a statement piece that complements any wardrobe, ensuring you stand out in any crowd.",Sophisticated design — Elevates any outfit | Premium materials — Long-lasting wear | Versatile style — Perfect for any occasion | Striking color — Stands out beautifully | Lightweight and comfortable — Ideal for all-day use,"fashion, style accessory, chic design, premium quality, versatile fashion, trendy product, wardrobe essential, sophisticated style, striking color, lightweight accessory",2026-04-23T18:59:06.806041
product_25.jpg,success,Sleek Black Slip-On Dress Shoe - $29.99,"Step into elegance with our Fashion Product, a sleek black slip-on dress shoe designed for both comfort and style. Perfect for formal events or a day at the office, this shoe features a smooth, polished finish that complements any attire. The convenient slip-on design ensures easy wear while a sturdy sole provides reliable traction. Crafted for the modern individual, it combines aesthetics with practicality, making it your go-to footwear choice.",Effortless Style — Sleek and polished with a smooth texture | Convenient Wear — Slip-on design for hassle-free use | Comfortable Fit — Crafted for all-day comfort | Versatile Elegance — Perfectly paired with formal and casual attire | Durable Sole — Ensures strong grip and stability | Timeless Design — A classic addition to any wardrobe,"slip-on dress shoe, sleek black shoe, formal footwear, casual elegant shoe, men's fashion shoe, comfortable slip-on, polished black shoe, office wear shoes, affordable dress shoe, versatile men's shoes, classic formal shoe",2026-04-23T18:59:13.859541
product_26.jpg,success,Elegant Gold Chain Bracelet,"Elevate your style with our Elegant Gold Chain Bracelet. Perfect for any occasion, this bracelet adds a touch of sophistication and class to your wardrobe. The interlocking gold links create a timeless design that shines brilliantly in any light. Lightweight and comfortable to wear, it's the perfect accessory for day-to-night transitions. Enhance your look effortlessly with this chic, must-have piece.",Sophisticated Design — Interlocking gold links | Versatile Style — Perfect for any occasion | Lightweight Comfort — Easy to wear all day | Brilliant Shine — Adds elegance to any outfit | Durable Craftsmanship — Built for everyday wear,"gold bracelet, chain bracelet, elegant jewelry, fashion accessory, timeless design, sophisticated style, versatile jewelry, gold link bracelet, lightweight bracelet, durable jewelry",2026-04-23T18:59:26.174000
product_27.jpg,success,Trendy Graphic Tee - Comfort & Style,"Elevate your style with this trendy graphic tee designed for both comfort and fashion-forward appeal. The sleek navy blue fabric complements any wardrobe, making it perfect for casual outings or laid-back days at home. Embrace the unique graphic design that adds a touch of personality and modern flair to your look. Crafted from high-quality materials, this T-shirt ensures lasting wear and easy maintenance.",Stylish Design — Eye-catching graphic for a modern look | Comfort Fit — Soft fabric for all-day comfort | Versatile Wear — Perfect for casual outings and relaxed days | High-Quality Material — Durable fabric that stands the test of time | Easy to Maintain — Machine washable for hassle-free care,"trendy tee, graphic tee, casual fashion, navy blue shirt, comfortable T-shirt, modern style, fashion-forward clothing, versatile wear, stylish graphic, easy maintenance",2026-04-23T18:59:41.125303
product_29.jpg,success,Chic Woven Tote Bag with Leather Accents,"Elevate your style with this chic woven tote bag, perfect for any occasion. Crafted with precision, the intricate woven texture provides a unique and trendy look that stands out. The elegant black leather accents and sturdy handles enhance its sophistication and durability, making it an ideal companion for your everyday adventures. Spacious yet stylish, it offers ample room for all your essentials without compromising your fashion-forward appeal.",Unique style — Intricate woven texture | Versatile design — Perfect for everyday use | Durable — Sturdy black leather accents | Spacious — Ample room for essentials | Comfortable carry — Robust handles | Trendy look — Modern and sophisticated,"tote bag, woven tote, leather accents, chic tote, fashion tote, handbag, everyday bag, stylish bag, spacious tote, durable handbag, modern fashion, trendy tote, carryall bag, versatile handbag, woven handbag",2026-04-23T18:59:53.183743
product_3.jpg,success,Stylish Black Joggers with Unique Patch,"Elevate your casual style with our Fashion Product soft black joggers, featuring a distinctive orange patch design that adds a trendy touch. Perfect for lounging or running errands, these joggers offer comfort without compromising on style. The relaxed fit ensures maximum mobility, while the elastic waistband guarantees a snug fit. Pair them with your favorite tee and sneakers for an effortlessly chic look.",Comfortable Fit — Soft fabric for all-day wear | Stylish Design — Unique orange patch for a trendy vibe | Versatile Use — Ideal for casual outings and lounging | Easy Care — Machine washable for convenience | Adjustable Comfort — Elastic waistband for a perfect fit | Breathable Fabric — Keeps you cool and comfortable,"black joggers, trendy pants, casual wear, men's fashion, stylish joggers, comfortable pants, elastic waistband, unique patch design, soft fabric, lounging pants, machine washable, breathable joggers, men's casual pants, streetwear joggers",2026-04-23T18:59:58.782279
product_31.jpg,success,Vibrant Green Graphic Tee for Effortless Style,"Elevate your casual wardrobe with our vibrant green graphic tee, designed for comfort and style. The bold hue of the shirt is perfectly complemented by an eye-catching graphic centerpiece that adds personality to your look. Made from high-quality, breathable fabric, this tee is perfect for all-day wear, whether you're out with friends or relaxing at home. Its classic cut provides a flattering fit for everyone, making it a versatile addition to any fashion ensemble.","Eye-catching Design — Unique graphic for standout style | Comfort First — Soft, breathable fabric keeps you cool | Bold Color — Vibrant green for a fresh, trendy look | Classic Fit — Timeless cut that flatters all body types | Easy Pairing — Perfect with jeans or shorts for any occasion","graphic tee, green t-shirt, fashion top, casual wear, breathable fabric, classic fit, bold color, stylish t-shirt, trendy tops, comfortable clothing",2026-04-23T19:00:12.078749
product_32.jpg,success,Stylish Casual Men's Short Sleeve Shirt,"Elevate your casual wardrobe with this stylish men's short sleeve shirt. Crafted from lightweight, breathable fabric, it's perfect for keeping cool and comfortable on any occasion. The rich brown tone adds a touch of sophistication, making it versatile for day or night events. A classic spread collar and sleek button-up design complement a variety of looks, whether paired with jeans or chinos. Experience the perfect blend of style and comfort with this must-have fashion piece.",Comfortable Fit — Lightweight fabric for all-day wear | Sophisticated Style — Rich brown color for versatile use | Breathable Material — Perfect for warm weather | Classic Design — Spread collar and button-up style | Versatile Pairing — Easily matches jeans or chinos | Easy Care — Machine washable for effortless maintenance,"men's shirt, short sleeve shirt, casual menswear, brown shirt, breathable shirt, stylish casual shirt, comfortable men's shirt, button-up design, spread collar shirt, summer fashion, lightweight fabric, men's fashion, versatile men's shirt, affordable fashion, $29.99 men's shirt",2026-04-23T19:00:21.381189
product_33.jpg,success,Stylish White Sneakers with Red Accents,"Step up your fashion game with these trendy white sneakers, designed to offer both style and comfort. Perfect for any casual outing, these sneakers feature striking red accents that make them a standout choice for your wardrobe. The sleek leather finish not only enhances durability but also provides a polished look. With a comfortable inner lining and a reliable grip sole, these sneakers ensure a perfect fit every time. Whether you're heading to a casual brunch or a walk around the city, these shoes are your go-to for a stylish yet laid-back vibe.",Stylish design — Red accents for a bold look | Comfort focused — Soft lining for all-day wear | Durable quality — Robust leather exterior | Versatile use — Ideal for various casual occasions | Secure fit — Reliable grip sole for stability,"white sneakers, red accents, stylish shoes, casual sneakers, leather sneakers, comfortable shoes, fashion shoes, trendy sneakers, durable sneakers, casual fashion, walking shoes",2026-04-23T19:00:26.921892
product_34.jpg,success,Chic Strappy Black Sandals for Women,"Step into elegance and comfort with our Chic Strappy Black Sandals, designed for the fashion-forward woman. These sandals feature an intricate strap design with a glossy black finish that adds a touch of sophistication to any outfit. The adjustable ankle strap ensures a perfect fit while maintaining style and comfort for all-day wear. Whether you're heading to a summer gathering or a casual outing, these sandals provide the ideal mix of style and practicality. Experience unparalleled comfort with a cushioned insole that supports your every step.",Elegant design — Intricate black strappy look | Adjustable fit — Secure ankle buckle strap | Glossy finish — Adds sophistication to outfits | Comfortable wear — Cushioned insole for support | Versatile style — Perfect for both casual and formal events,"strappy sandals, black sandals, women's sandals, adjustable strap sandals, summer footwear, glossy finish sandals, comfortable sandals, casual sandals, chic sandals, fashion sandals, strappy black sandals, versatile sandals, stylish sandals",2026-04-23T19:00:31.833973
product_36.jpg,success,Chic Two-Tone Fashion Handbag for Modern Style,"Elevate your style with this chic two-tone handbag, expertly crafted to combine elegance and functionality. The Fashion Product features a sophisticated design with a sleek white body accentuated by classic brown trim, perfect for any fashion-forward individual. The sturdy handle offers convenience, while the spacious interior ensures you can carry all your essentials with ease. Whether you're heading to a business meeting or a casual day out, this handbag is a versatile addition to your wardrobe.",Stylish design — Classic two-tone look | Durable construction — Long-lasting materials | Spacious interior — Ample room for essentials | Convenient handle — Easy to carry | Versatile use — Perfect for any occasion,"fashion handbag, two-tone bag, chic handbag, stylish purse, modern handbag, durable fashion bag, versatile handbag, classic brown trim, fashionable accessory, spacious handbag interior",2026-04-23T19:00:52.318819
product_37.jpg,success,Chic Teal Handbag with Ample Storage,"Elevate your style with our exquisite teal handbag, designed to be both charming and functional. This fashion accessory features a captivating teal hue that adds a pop of color to any outfit. Crafted with fine detailing, it offers superior durability and a sleek, modern look. The bag includes multiple compartments that provide ample storage for all your essentials, making it perfect for both everyday use and special occasions. Its comfortable handles and adjustable strap offer versatile carrying options, ensuring a perfect blend of style and convenience.",Stylish design — Captivating teal color | Durable material — Long-lasting quality | Multiple compartments — Ample storage space | Versatile use — Great for everyday and special occasions | Adjustable strap — Customizable carrying options | Comfortable handles — Easy to carry,"teal handbag, stylish fashion bag, durable handbag, ample storage, versatile fashion accessory, everyday handbag, adjustable strap bag, modern handbag, chic teal bag, fashion accessory",2026-04-23T19:00:58.471914
product_38.jpg,success,Elegant Silver Chronograph Watch for Men,"Enhance your style with this elegant silver chronograph watch, a perfect accessory for any occasion. Its striking blue dial with intricate sub-dials brings both functionality and style to your wrist. The durable stainless steel bracelet ensures long-lasting wear, while the precise chronograph feature provides accurate timekeeping. Ideal for those who appreciate a blend of modern design and classic elegance, this watch is a statement piece that complements any outfit. Water resistance adds to its practicality, making it suitable for everyday wear.",Stylish Design — Striking blue dial adds sophistication | Durable Build — Stainless steel bracelet for longevity | Precision Timekeeping — Accurate chronograph functionality | Versatile Accessory — Complements any outfit or occasion | Water Resistance — Suitable for everyday activities,"chronograph watch, silver watch, men's watch, elegant timepiece, blue dial watch, stainless steel watch, water-resistant watch, fashion accessory, modern design watch, classic style watch",2026-04-23T19:01:10.784190
product_39.jpg,success,Trendy Graphic Tee for Women - Vibrant Pink,"Elevate your casual wardrobe with our Fashion Product, designed for the bold and stylish. This vibrant pink tee features a playful graphic that adds a unique touch to any outfit. Made from soft, comfortable material, it ensures you stay chic and at ease whether running errands or meeting friends. The round neckline and relaxed fit make it versatile for layering or wearing alone. This eye-catching piece is the perfect fusion of comfort and fashion.","Enhanced Comfort — Soft, breathable fabric | Playful Design — Unique graphic print for standout style | Versatile Wear — Ideal for casual outings or layering | Bright Appeal — Vibrant pink color that attracts attention | Easy Fit — Relaxed silhouette for all-day comfort","trendy women’s tee, pink graphic t-shirt, casual fashion tops, comfortable ladies shirts, unique print tee, versatile casual wear, stylish women’s clothing, vibrant color top, everyday fashion, soft fabric ladies top",2026-04-23T19:01:17.328654
product_40.jpg,success,Sleek Black Leather Belt with Silver Buckle,"Elevate your style with our Sleek Black Leather Belt, designed to complement any outfit with its timeless elegance. This fashion staple features a polished silver buckle for a sophisticated touch, perfect for both formal and casual occasions. Crafted from high-quality leather, it ensures durability and comfort throughout the day. Whether paired with jeans or a suit, this versatile accessory will enhance your wardrobe with its classic appeal.",Classic elegance — Timeless black leather design | Sophisticated look — Polished silver buckle | Versatile accessory — Perfect for casual and formal wear | High durability — Made from quality leather | Comfortable fit — Adjustable for all-day wear,"black leather belt, silver buckle, fashion accessory, durable leather belt, classic black belt, adjustable leather belt, formal belt, casual belt, stylish belt, men's fashion, women's fashion, versatile belt, elegant accessory, quality leather belt, timeless design",2026-04-23T19:01:30.853834
product_41.jpg,success,Colorful Boho Chic Open-Toe Sandals,"Step into comfort and style with our Colorful Boho Chic Open-Toe Sandals. These eye-catching sandals are designed with a vibrant mix of red, blue, and tan hues, perfect for making a bold fashion statement. The open-toe design not only enhances breathability but also offers a breezy, relaxed fit for all-day comfort. Crafted with high-quality materials, these sandals promise durability and a comfortable wear. The unique cutout details add an extra touch of elegance, making them ideal for beach outings, casual strolls, or stylish everyday wear. Elevate your fashion game with these versatile sandals that seamlessly blend color and comfort.","Eye-catching design — Vibrant mix of red, blue, and tan hues | Breathable comfort — Open-toe design ensures a fresh feel | Durable materials — High-quality construction for lasting wear | Effortless elegance — Unique cutout details for extra style | Versatile use — Perfect for casual and beach settings | Relaxed fit — Comfortable for all-day wear","boho sandals, open-toe sandals, colorful sandals, casual footwear, summer style, beachwear sandals, comfortable sandals, boho chic, vibrant sandals, fashion shoes, durable sandals, stylish footwear",2026-04-23T19:01:37.882172
product_44.jpg,success,Stylish Men's Dark Vest - Perfect for Any Occasion,"Elevate your wardrobe with this versatile men's dark vest, designed to complement any outfit seamlessly. Crafted with precision, this vest showcases a deep, rich color that exudes elegance and sophistication. Its sleek design, complete with a classic button closure, ensures a tailored fit, enhancing your physique and adding a confident edge to your look. Whether worn over a crisp white shirt or paired with a casual ensemble, this vest is the perfect addition to your fashion arsenal. Experience comfort and style with this must-have fashion product.",Elegant design — Rich dark color for a sophisticated look | Tailored fit — Enhances your physique with precision | Versatile wear — Pairs well with both formal and casual outfits | Classic button closure — Ensures a secure and stylish fit | Quality fabric — Provides comfort and durability for long-lasting wear | Fashion-forward — Adds a contemporary touch to any wardrobe,"men's vest, dark vest, elegant men's fashion, tailored fit vest, versatile men's wear, button closure vest, stylish men's clothing, comfortable vest, fashion-forward vest, men's casual and formal vest",2026-04-23T19:02:06.007280
product_45.jpg,success,Stylish White & Blue Athletic Sneakers,"Step into comfort and style with our White & Blue Athletic Sneakers. Perfect for both casual outings and athletic activities, these sneakers offer a sleek design with a striking blue accent that adds a pop of color to your ensemble. The durable construction ensures long-lasting wear, while the cushioned sole provides maximum comfort for all-day use. Pair them with your favorite workout gear or casual outfit to make a bold statement.",All-day comfort — Cushioned sole | Vibrant design — Striking blue accents | Durable build — Perfect for long-lasting wear | Versatile style — Ideal for casual and athletic wear | Breathable material — Keeps your feet fresh,"athletic sneakers, white sneakers, blue accent shoes, comfortable sneakers, stylish athletic shoes, versatile footwear, sneakers for women, sneakers for men, casual sneakers, breathable sneakers",2026-04-23T19:02:16.285473
product_46.jpg,success,Stylish Black Knee-Length Shorts for Active Comfort,"Elevate your casual wardrobe with our versatile black knee-length shorts, perfect for any dynamic lifestyle. Crafted for comfort and mobility, these shorts are ideal for both active wear and relaxed outings. The sleek black color offers a timeless look that's easy to pair with any top, making it a must-have staple in your closet. The durable fabric ensures long-lasting wear, while the tailored fit accentuates your silhouette and provides unrestricted movement.",Ultimate comfort — Soft and breathable material | Versatile style — Classic black for easy pairing | Enhanced durability — High-quality construction | Active freedom — Tailored fit enables mobility | Functional design — Secure waistband for a perfect fit | Timeless appeal — Chic knee-length cut | Practical convenience — Easy to clean and maintain,"black shorts, knee-length shorts, active wear shorts, casual shorts, men's fashion shorts, versatile shorts, comfortable shorts, stylish shorts, durable shorts, breathable shorts, classic black shorts, tailored fit shorts, everyday wear shorts, fashionable shorts",2026-04-23T19:02:22.371743
product_47.jpg,success,Stylish Comfort Men's Briefs,"Experience unmatched comfort and style with these stylish men's briefs. The rich maroon fabric exudes a sense of sophistication, while the contrasting white waistband adds a trendy touch. Perfect for everyday wear, the soft, breathable material ensures all-day comfort and freedom of movement. Elevate your wardrobe essentials with a piece that combines practicality and flair effortlessly.",Comfortable Fit — Soft and breathable material | Stylish Design — Rich maroon color with contrast waistband | Durable Quality — High-quality stitching | Flexible Movement — Designed for everyday wear | Fashionable Touch — Subtle branding on waistband,"men's briefs, stylish underwear, maroon briefs, comfortable men's briefs, everyday wear briefs, fashion underwear, soft men's underwear, high-quality briefs, breathable men's briefs, designer men's briefs",2026-04-23T19:02:30.038858
product_49.jpg,success,Classic Black Leather Belt for Timeless Style,"Elevate your fashion game with our Classic Black Leather Belt, the ultimate blend of style and durability. Crafted from high-quality leather, this belt features a sleek black design that complements any outfit. The robust silver buckle adds a touch of elegance, ensuring you stand out in any setting. Whether it's for a casual day out or a formal occasion, this versatile accessory will keep you looking polished and refined.",Stylish design — Classic black color for a versatile look | Durable material — Made from high-quality leather | Elegant hardware — Features a sleek silver buckle | Adjustable fit — Easily customizable for comfort | Timeless appeal — Perfect for both casual and formal wear,"black leather belt, classic belt, stylish accessories, silver buckle belt, versatile fashion, durable leather belt, formal belt, casual belt, adjustable leather belt, high-quality belt",2026-04-23T19:02:44.264244
product_51.jpg,success,Stylish Men's Loafers – Elegant & Comfortable,"Step up your style game with these elegant men's loafers, perfect for any occasion. Crafted for both comfort and sophistication, their sleek black exterior exudes a timeless charm, making them a versatile addition to any wardrobe. The subtle stitching detail adds a touch of refinement, while the durable sole ensures long-lasting wear. Whether you're attending a formal event or going out casually, these loafers offer unmatched comfort and style, ensuring you make a lasting impression.",Sophisticated look — Sleek black exterior | Comfortable fit — Cushioned insole for all-day wear | Stylish detail — Subtle stitching adds elegance | Versatile use — Suitable for formal and casual occasions | Durable design — Robust sole for long-lasting wear | Easy to slip on — Convenient slip-on style,"men's loafers, stylish loafers, black loafers, elegant shoes, comfortable footwear, slip-on shoes, formal loafers, casual loafers, durable men's shoes, sophisticated style",2026-04-23T19:03:08.601631
product_52.jpg,success,Stylish Brown Tunic for Effortless Chic,"Elevate your wardrobe with our stylish brown tunic, perfect for creating an effortless chic look. This versatile piece features a flattering silhouette and a rich brown hue, making it ideal for any occasion. Crafted from lightweight fabric, it offers breathability and comfort throughout the day. Its contemporary design is complemented by elegant stitching and a sleek neckline, ensuring you stay on-trend. Whether you're heading to a casual outing or a formal gathering, this tunic promises to be your go-to garment for style and ease.",Effortless style — Flattering silhouette adds elegance | Comfortable wear — Lightweight fabric ensures breathability | Versatile design — Perfect for any occasion | Trendy appearance — Rich brown color stays in fashion | Elegant details — Sleek neckline with refined stitching,"brown tunic, stylish tunic, chic fashion, lightweight fabric, versatile clothing, elegant silhouette, casual tunic, formal tunic",2026-04-23T19:03:16.961416
product_53.jpg,success,Stylish Men's Patterned Briefs - Comfort Fit,"Experience unparalleled comfort and style with our Fashion Product men's briefs, available at just $29.99. The striking blue and white design offers a contemporary edge, perfect for modern men who appreciate quality and aesthetics. Made from high-quality, breathable fabric, these briefs provide all-day support without compromising on comfort. Upgrade your essentials with this fashionable piece that's as versatile as it is functional.","Enhanced Comfort — Soft, breathable fabric | Modern Design — Stylish blue and white pattern | Perfect Fit — Elastic waistband for secure wear | Durable Material — Long-lasting and resistant | Everyday Essential — Ideal for all occasions","men's briefs, comfortable men's underwear, stylish briefs, patterned briefs, blue and white briefs, modern men's underwear, breathable men's briefs, high-quality men's briefs, everyday men's briefs",2026-04-23T19:03:28.908800
product_54.jpg,success,Elegant Black Leather Dress Shoes,"Step into elegance with our Fashion Product, the ultimate in sophistication and comfort. Crafted from premium black leather, these dress shoes offer a sleek and timeless design, perfect for any formal occasion. With a polished finish and an eye-catching red interior lining, these shoes not only elevate your style but also ensure lasting comfort. The durable sole provides excellent traction and support, making them ideal for all-day wear. Upgrade your wardrobe with these must-have shoes, designed to make a statement with every step.",Sleek design — Premium black leather for a classic look | Elegant finish — Polished exterior adds sophistication | Comfortable fit — Red interior lining for luxurious feel | Durable sole — Ensures excellent traction and support | Versatile style — Perfect for formal occasions | Long-lasting quality — Crafted for durability,"black leather shoes, dress shoes, formal footwear, elegant leather shoes, polished black shoes, men's dress shoes, luxury shoes, stylish footwear, comfortable dress shoes, premium leather, formal shoes for men, classic leather shoes, red lining shoes, durable sole shoes, sophisticated leather shoes",2026-04-23T19:03:37.761385
product_55.jpg,success,Trendy Striped Polo Shirt for Casual Comfort,"Step up your style game with this Trendy Striped Polo Shirt, perfect for any casual outing. Designed with a classic black and white striped pattern, this shirt adds a touch of sophistication to your wardrobe. The soft, breathable fabric ensures all-day comfort, making it an ideal choice for warm weather. The solid black collar and cuffs enhance the overall aesthetic, giving it a polished look while keeping it versatile enough to pair with jeans or chinos. Elevate your casual fashion effortlessly with this must-have polo shirt.","Instant style upgrade — Classic black and white stripes | Maximum comfort — Soft, breathable fabric | Versatile elegance — Solid black collar and cuffs | Perfect for sunny days — Lightweight material | Pairs easily — Ideal with jeans or chinos | Timeless design — Always in fashion | Easy care — Machine washable for convenience","striped polo shirt, casual fashion, black and white stripes, breathable fabric polo, stylish casual wear, comfortable striped tee, trendy men's top, versatile polo shirt, men's casual outfit, soft polo shirt",2026-04-23T19:03:43.620945
product_56.jpg,success,Stylish Lavender Polo Shirt for Women,"Elevate your wardrobe with our chic lavender polo shirt, blending elegance and comfort seamlessly. This stunning piece features a soft lavender hue that adds a refreshing touch to any outfit. The flattering silhouette hugs your body in all the right places, ensuring a perfect fit while the breathable fabric keeps you cool all day long. Whether you're headed to a casual brunch or a day at the office, this versatile polo shirt will become your go-to choice.","Comfortable Fit — Soft, breathable fabric for all-day wear | Stylish Design — Elegant lavender color adds a chic touch | Versatile Wear — Perfect for casual and semi-formal occasions | Durable Quality — Premium stitching for long-lasting use | Easy Maintenance — Machine washable for convenient care","lavender polo shirt, women's fashion, comfortable shirt, stylish polo, casual wear, breathable fabric, elegant design, summer fashion, versatile top, easy care, premium quality",2026-04-23T19:03:49.496250
product_59.jpg,success,Bold Red Graphic Tee for Trendsetters,"Unleash your inner trendsetter with our Bold Red Graphic Tee! This dynamic fashion staple boasts a striking black graphic that exudes confidence and modern style. Made from soft, breathable fabric, this tee ensures all-day comfort while keeping you at the forefront of fashion. Its vibrant red hue is perfect for making a statement, whether you're out for a casual day or a night on the town. Pair it with jeans or shorts for a versatile look that's sure to turn heads.","Standout Style — Striking black graphic design | Comfort First — Soft, breathable fabric | Vibrant Color — Eye-catching red hue | Versatile Wear — Pairs well with jeans or shorts | Modern Fit — Sleek design for a trendy look","graphic tee, red t-shirt, bold design, trendy fashion, casual wear, fashion tee, breathable fabric, statement piece, stylish top, versatile t-shirt",2026-04-23T19:04:10.480660
product_6.jpg,success,Stylish Green Men's Long Sleeve Shirt,"Elevate your style with this versatile green men's long sleeve shirt. Perfect for any occasion, its classic design and comfortable fit ensure you look sharp and feel comfortable all day. The rich green color complements any wardrobe, offering a perfect blend of style and substance.",Comfortable fit — Tailored for all-day wear | Classic design — Timeless style that never fades | Versatile color — Rich green suits any wardrobe | High-quality material — Durable and breathable fabric | Easy maintenance — Machine-washable for convenience,"green shirt, men's fashion, long sleeve shirt, stylish men's clothing, comfortable men's shirt, classic men's shirt, versatile wardrobe, durable fabric, easy maintenance, breathable material",2026-04-23T19:04:15.686106
product_60.jpg,success,Elegant Maroon Designer Saree with Intricate Patterns,"Experience timeless elegance with our maroon designer saree, perfect for any special occasion. This exquisite garment features intricate patterns that add a touch of luxury and sophistication. Made with high-quality materials, it ensures comfort and style throughout the day. The rich maroon color enhances your beauty, making you stand out effortlessly in any gathering. Ideal for weddings, parties, and festive celebrations, this saree is a must-have addition to your wardrobe.",Luxurious elegance — Rich maroon hue | High-quality materials — Durable and comfortable | Intricate patterns — Eye-catching design details | Versatile wear — Perfect for any special occasion | Easy maintenance — Simple to clean and store,"maroon saree, designer saree, elegant saree, party wear saree, wedding saree, festive saree, saree with patterns, fashion saree, high-quality saree, comfort saree, luxury saree, traditional attire",2026-04-23T19:04:23.913357
product_63.jpg,success,Chic Beige Handbag for Everyday Elegance,"Elevate your style with this chic beige handbag, the perfect blend of fashion and functionality. Crafted from high-quality materials, its timeless design features a sleek silhouette with modern accents. The spacious interior allows you to carry all your essentials with ease, while multiple compartments keep you organized. An everyday essential, this handbag complements any outfit, adding a touch of sophistication to your look. Whether you're headed to work or a casual outing, this versatile accessory is designed to meet your style needs effortlessly.",Spacious Design — Easily fits all your essentials | High-Quality Material — Durable and fashionable | Elegant Beige Color — Timeless and versatile | Multiple Compartments — Stay organized on-the-go | Modern Silhouette — Chic and sophisticated look | Comfortable Handles — Easy to carry all day,"beige handbag, chic handbag, everyday handbag, fashion accessory, spacious handbag, elegant purse, beige fashion bag, durable handbag, modern handbag, stylish handbag, handbag with compartments, versatile handbag, high-quality handbag, handbag for women, casual handbag",2026-04-23T19:04:47.373034
product_64.jpg,success,Stylish Black Lace-Up Ankle Boots,"Step up your fashion game with these chic black lace-up ankle boots, perfect for any outfit. Crafted with premium quality materials, these boots offer both style and comfort. The sleek black design pairs effortlessly with casual and formal ensembles, making them a versatile addition to your wardrobe. Durable soles ensure long-lasting wear, while the snug lace-up closure provides the perfect fit for everyday comfort.",Fashion-forward design — Sleek black finish | Versatile style — Perfect for casual and formal outfits | Durable and comfortable — Quality materials | Snug fit — Adjustable lace-up closure | Long-lasting wear — Sturdy soles,"black ankle boots, lace-up boots, stylish boots, versatile footwear, durable boots, comfortable ankle boots, fashion boots, black boots for women, casual boots, formal boots",2026-04-23T19:04:52.210425
product_65.jpg,success,Stylish Slip-On Purple Plaid Sneakers,"Step into style with these eye-catching slip-on sneakers, featuring a bold purple plaid design. Perfect for casual outings or adding a pop of color to your everyday look, these shoes offer both comfort and fashion. The soft fabric ensures a snug fit, while the durable sole provides excellent traction, making them ideal for any adventure. Whether you're dressing up or down, these versatile sneakers are sure to become a wardrobe favorite.","Bold style — Striking purple plaid pattern | Easy wear — Convenient slip-on design | Comfortable fit — Soft fabric upper | Reliable traction — Durable, grippy sole | Versatile fashion — Perfect for any casual occasion | Lightweight design — Ideal for all-day wear","slip-on sneakers, purple plaid shoes, fashionable footwear, casual shoes, comfortable sneakers, durable sole sneakers, stylish sneakers, plaid design shoes, versatile sneakers, fashion sneakers",2026-04-23T19:04:56.780467
product_67.jpg,success,Stylish Silver Running Shoes with Red Accents,"Elevate your workout with these sleek and stylish silver running shoes, featuring striking red accents for a bold look. Designed for both comfort and performance, they offer excellent support with cushioned soles and durable construction, ensuring a smooth run every time. The breathable mesh upper keeps your feet cool and dry, while the lightweight design enhances agility and speed. Perfect for athletes and casual runners alike, these shoes blend fashion with functionality.",Enhanced Performance — Cushioned sole for superior comfort | Breathable Design — Mesh upper keeps feet cool and dry | Bold Style — Eye-catching silver with red accents | Lightweight — Increases speed and agility | Durable Construction — Built to withstand intense workouts,"running shoes, silver shoes, athletic footwear, breathable running shoes, lightweight sneakers, cushioned sole, stylish trainers, red accents, durable sports shoes, fashion footwear",2026-04-23T19:05:10.282380
product_69.jpg,success,Stylish Burgundy Sneakers for Trendsetters,"Step out in style with these fashionable burgundy sneakers, the perfect blend of comfort and chic design. Made from high-quality materials, these sneakers promise durability while ensuring you stay on-trend. The unique burgundy color adds a pop of sophistication to any outfit, while the contrasting yellow interior provides a playful twist. Ideal for casual outings or a day at the park, these sneakers keep your feet comfortable all day long. The laces provide a snug fit, making them perfect for any foot shape. Elevate your shoe game with a pair that speaks to your style.",Comfortable all-day wear — High-quality materials | Eye-catching design — Burgundy with yellow interior | Secure fit — Adjustable laces | Durable sole — Long-lasting quality | Versatile style — Complements various outfits | Breathable design — Keeps feet fresh,"burgundy sneakers, trendy footwear, stylish shoes, casual sneakers, fashion sneakers, comfortable shoes, durable sneakers, sneaker fashion, burgundy shoes, unique sneakers, colorful sneakers, laced sneakers, casual fashion",2026-04-23T19:05:23.469255
product_7.jpg,success,Chic Plum V-Neck Blouse for Every Occasion,"Elevate your wardrobe with this beautiful plum V-neck blouse, a versatile addition that complements any outfit. Its elegant design is highlighted by a flattering V-neckline and short sleeves, perfect for both casual and semi-formal occasions. The rich plum color adds a touch of sophistication, making it ideal for pairing with a variety of bottoms. Crafted from soft, high-quality fabric, this top ensures comfort and style throughout the day. Whether you're heading to the office or enjoying a weekend outing, this blouse will keep you looking effortlessly chic.","Versatile style — Perfect for casual and semi-formal occasions | Flattering design — V-neckline enhances the overall look | Comfortable fit — Crafted from soft, high-quality fabric | Rich color — Elegant plum shade suitable for all seasons | Short sleeves — Ideal for layering or wearing alone","plum blouse, V-neck top, women's fashion, casual blouse, elegant blouse, short sleeve top, versatile fashion, stylish blouse, comfortable women's top, chic fashion, plum color blouse",2026-04-23T19:05:35.021473
product_70.jpg,success,Chic Black & White Patterned Handbag,"Elevate your style with this stunning black and white patterned handbag. The eye-catching geometric design makes it a perfect statement piece for any outfit. Crafted with premium quality materials, this handbag ensures durability and sophistication. Whether for daily use or special occasions, its spacious interior offers ample space for all your essentials.",Stylish design — Trendy black and white geometric pattern | Durable build — High-quality materials for long-lasting use | Spacious interior — Ample room for your essentials and more | Versatile accessory — Perfect for both casual and formal wear | Comfortable handling — Ergonomic handles for effortless carry,"fashion handbag, black and white purse, geometric handbag, stylish bag, durable handbag, versatile accessory, spacious purse, trendy handbag, designer handbag, quality handbag",2026-04-23T19:05:39.693507
product_71.jpg,success,Stylish Khaki High-Top Sneakers,"Step up your style game with our sleek Khaki High-Top Sneakers, perfect for adding a trendy touch to any outfit. The versatile khaki color effortlessly complements various looks, while the high-top design provides added ankle support and comfort. Crafted with quality materials, these sneakers offer durability and a snug fit, making them your go-to choice for both casual and smart-casual ensembles.",Enhanced comfort — Supportive high-top design | Versatile style — Trendy khaki color | Durable construction — Quality materials for long-lasting wear | Secure fit — Lace-up closure | Casual elegance — Ideal for various occasions,"khaki sneakers, high-top sneakers, casual footwear, stylish sneakers, durable shoes, lace-up sneakers, men's fashion sneakers, comfortable high-tops, trendy khaki shoes",2026-04-23T19:05:44.604170
product_72.jpg,success,Elegant Men's Long Sleeve Dress Shirts,"Elevate your wardrobe with our Elegant Men's Long Sleeve Dress Shirts—a perfect blend of style and comfort designed for the modern man. These shirts feature a sophisticated pattern with a subtle sheen that enhances the overall look, ideal for both formal occasions and smart-casual settings. Crafted with premium fabric, they provide a flattering fit and unmatched comfort for day-long wear. The long sleeves and classic collar offer a timeless appeal, making it a versatile choice for any fashion-forward wardrobe.",Timeless style — Sophisticated pattern with subtle sheen | All-day comfort — Premium fabric ensures soft touch | Versatile design — Suitable for formal and casual events | Flattering fit — Tailored to enhance body shape | Classic appeal — Long sleeves and classic collar | Easy maintenance — Durable fabric resists wrinkles | Affordably priced — Premium look for $29.99,"men's dress shirts, long sleeve shirts, elegant shirts, formal shirts for men, casual dress shirts, comfortable men's shirts, stylish men's fashion, wardrobe essentials, office wear shirts, premium dress shirts",2026-04-23T19:05:56.086248
product_73.jpg,success,Sleek Black Women's T-Shirt - Versatile Comfort,"Experience ultimate comfort and style with our Sleek Black Women's T-Shirt. Perfectly balancing urban chic with everyday wearability, this t-shirt is your go-to essential for any occasion. Crafted from a blend of soft, breathable materials, it provides a flattering fit that keeps you cool and comfortable throughout the day. The classic black color effortlessly complements any outfit, making it the perfect addition to your wardrobe.",Breathable material — Keeps you cool all day | Figure-flattering cut — Enhances your silhouette | Versatile black color — Matches any outfit | Durable fabric — Withstands regular washing | Tag-free comfort — No irritation on your skin | Crew neck style — Timeless and elegant | Short sleeves — Ideal for layering,"women's t-shirt, black t-shirt, versatile clothing, casual wear, breathable fabric, comfortable t-shirt, fashion essentials, crew neck, short sleeves, durable t-shirt",2026-04-23T19:06:01.309718
product_74.jpg,success,Stylish Blue Hoodie with Green Accents,"Elevate your wardrobe with this stylish blue hoodie, designed to offer comfort and versatility. The fresh blue color complemented by eye-catching green accents around the hood ensures you stand out in any crowd. Crafted with care, it's perfect for casual outings or relaxed days at home. The lightweight fabric allows breathability, while the chic design brings a modern touch to your fashion ensemble. Embrace both style and practicality with every wear.","Chic Design — Features a vibrant blue shade with green accents | Comfortable Fit — Soft, breathable material for all-day comfort | Versatile Style — Perfect for casual wear or layering | Easy Maintenance — Machine washable for hassle-free care | Durable Quality — Made with high-quality material ensuring long-lasting wear","blue hoodie, stylish hoodie, comfortable fashion, casual wear, trendy hoodie, green accent hoodie, breathable hoodie, durable fashion",2026-04-23T19:06:10.574033
product_75.jpg,success,Vibrant Red Sleeveless Shirt for Men,"Stand out in style with our vibrant red sleeveless shirt, perfect for casual outings or fitness sessions. Crafted from soft, breathable fabric, it keeps you comfortable throughout the day. The bold color enhances your look while the sleek design ensures a modern fit. Ideal for showcasing your toned arms and staying cool, this shirt is a must-have wardrobe essential.","Eye-catching style — Vibrant red color | Comfortable wear — Soft, breathable fabric | Modern fit — Sleek, sleeveless design | Versatile use — Suitable for casual and active wear | Easy to match — Complements various outfits","red sleeveless shirt, men's fashion, summer apparel, casual wear, breathable fabric, stylish tops, fitness clothing, modern fit, vibrant color, wardrobe essential",2026-04-23T19:06:20.006322
product_76.jpg,success,Chic Comfort: Women's Strappy Sandals,"Step into effortless style and comfort with our Women's Strappy Sandals, the perfect addition to any summer wardrobe. Designed with sleek straps and a sophisticated finish, these sandals promise a chic look for both casual and formal settings. The cushioned footbed provides all-day comfort, while the durable sole ensures your every step is secure. Ideal for both beach outings and city strolls, these versatile sandals are a must-have for fashion-forward individuals.",Effortless Style — Sleek strappy design for a chic look | All-Day Comfort — Cushioned footbed for support | Versatile Use — Suitable for casual or formal occasions | Durable Build — Sturdy sole for reliable wear | Sophisticated Finish — Elevates any outfit | Lightweight Design — Easy to wear all day | Breathable Fit — Keeps feet cool and comfortable,"women's sandals, strappy sandals, comfortable sandals, summer footwear, chic sandals, versatile sandals, stylish sandals, fashion sandals, casual sandals, formal sandals, cushioned sandals, breathable sandals, beach sandals, durable sandals, lightweight sandals",2026-04-23T19:06:25.348203
product_77.jpg,success,Vibrant Summer Fashion Flip Flops,"Step into summer with ultimate comfort and vibrant style with these fashion-forward flip flops. Designed to bring a pop of color to your casual ensemble, the flip flops feature a striking color block pattern that’s both trendy and eye-catching. The durable sole ensures a stable grip on a variety of surfaces, while the soft straps offer superior comfort for all-day wear. Whether you’re heading to the beach or a casual outing, these flip flops are the perfect addition to your summer footwear collection.",Stylish Comfort — Colorful design for a vibrant look | Durability — Strong sole provides excellent traction | All-Day Wear — Soft straps for added comfort | Versatile Use — Perfect for beach and casual outings | High-Quality Materials — Long-lasting fashion staple,"summer flip flops, stylish sandals, casual footwear, beach shoes, comfortable flip flops, color block sandals, fashion sandals, durable flip flops, all-day comfort footwear, trendy summer shoes, vibrant sandals, women's flip flops, colorful sandals, fashion-forward sandals, soft strap sandals",2026-04-23T19:06:31.486666
product_78.jpg,success,Chic Sleeveless Blouse - Perfect for Any Occasion,"Elevate your wardrobe with our chic sleeveless blouse, priced at an unbeatable $29.99. This versatile piece is a must-have for any fashion-forward individual. Featuring a relaxed fit and vibrant color, it offers both style and comfort. Perfect for a brunch date or a casual day out, pair it with your favorite jeans or a skirt for an effortlessly stylish look.",Breathable fabric — ensures all-day comfort | Versatile design — transitions easily from day to night | Flattering fit — complements various body types | Easy care — machine washable for convenience | Elegant neckline — adds a touch of sophistication,"chic blouse, sleeveless, versatile top, fashion forward, casual wear, day to night outfit, breathable fabric, elegant neckline",2026-04-23T19:06:39.047503
product_79.jpg,success,Cute Pink Kids' Clogs with Fun Cartoon Design,"Step into a world of fun and comfort with these adorable pink kids' clogs. Designed with a delightful cartoon character, these shoes are sure to be a hit with your little ones. Lightweight and easy to slip on, they are perfect for active play and adventures. Crafted from durable materials, these clogs will withstand all kinds of explorations while keeping little feet comfy and protected.",Fun design — Adorable cartoon character adds whimsy | Easy wear — Slip-on style for quick on and off | Comfortable fit — Cushioned sole for all-day comfort | Durable — Made to withstand active play | Lightweight — Perfect for little explorers | Versatile — Ideal for both indoor and outdoor fun,"kids clogs, pink clogs for kids, cartoon design shoes, children's footwear, comfortable kids shoes, durable clogs, slip-on clogs, fun kids shoes, lightweight clogs, toddler footwear",2026-04-23T19:06:46.816627
product_8.jpg,success,Stylish Black & White Athletic Socks,"Elevate your everyday look with our Stylish Black & White Athletic Socks. Crafted for comfort with a sleek black design featuring a bold white stripe, these socks are perfect for both casual and active wear. The high-quality fabric ensures durability and a snug fit, keeping your feet cozy and supported all day long. Whether you're hitting the gym or out for a casual stroll, these socks combine functionality with fashion effortlessly.","Maximum comfort — Soft, breathable fabric | Durable design — Long-lasting materials | Stylish look — Black color with striking white stripe | Versatile use — Ideal for casual and athletic wear | Secure fit — Snug, supportive construction","athletic socks, black socks, white stripe socks, casual wear, comfortable socks, durable socks, fashion socks, high-quality socks, versatile socks, gym socks",2026-04-23T19:06:55.143466
product_80.jpg,success,Stylish Unisex Aviator Sunglasses - Ultimate UV Protection,"Elevate your style with these ultra-sleek unisex aviator sunglasses designed for both fashion and function. Featuring dark tinted lenses that not only add a mysterious allure but also promise 100% UV protection, these sunglasses are your perfect outdoor companion. The metal frame ensures durability while maintaining a lightweight feel for all-day comfort. These sunglasses effortlessly blend a classic look with modern elegance, making them a must-have accessory for any fashion-forward wardrobe.",Premium UV Protection — Safeguard eyes from harmful sun rays | Lightweight Design — Enjoy all-day comfort without pressure | Durable Metal Frame — Ensures longevity and lasting wear | Timeless Style — Versatile aviator design for any outfit | Unisex Appeal — Perfect for men and women alike,"aviator sunglasses, unisex sunglasses, UV protection sunglasses, metal frame sunglasses, fashion sunglasses, stylish eyewear, durable sunglasses, lightweight sunglasses, outdoor sunglasses, summer fashion accessory",2026-04-23T19:06:59.991900
product_81.jpg,success,Chic Comfort Blue & White Flip Flops,"Step into effortless comfort with our Chic Comfort Blue & White Flip Flops, designed for style and ease. The striking blue footbed contrasted with crisp white straps offers a modern, versatile look that complements any casual outfit. Perfect for beach days, poolside lounging, or a casual stroll, these flip flops combine durability with lightweight comfort. The soft, cushioned sole ensures every step feels like walking on clouds, offering unbeatable support for your feet. Elevate your summer footwear collection with these must-have sandals.","Ultimate Comfort — Soft, cushioned sole for all-day wear | Stylish Design — Blue footbed with white straps for a modern look | Versatile — Perfect for beach, pool, or casual outings | Durable — Built to withstand daily use with ease | Lightweight — Easy to wear and pack for travel","flip flops, blue sandals, summer footwear, casual sandals, beach shoes, pool sandals, lightweight flip flops, comfortable sandals, stylish flip flops, durable flip flops",2026-04-23T19:07:08.195775
product_84.jpg,success,Vibrant Yellow Flip Flops for Effortless Style,"Step into comfort and style with our Vibrant Yellow Flip Flops. Designed with a striking yellow hue, these sandals are perfect for adding a pop of color to any outfit. The ergonomic sole provides excellent support for all-day wear, making them ideal for a casual outing or a day at the beach. The durable construction ensures these flip flops will be your go-to choice for seasons to come, while the sleek design keeps your look effortlessly chic.",Comfortable wear — Ergonomic sole design | Stylish look — Vibrant yellow color | Durable build — Long-lasting materials | Versatile style — Suitable for various occasions | Easy maintenance — Simple to clean | Lightweight feel — Ideal for long walks | Secure fit — Sturdy strap design,"yellow flip flops, vibrant sandals, ergonomic sole sandals, beach footwear, comfortable flip flops, stylish summer sandals, durable casual sandals, lightweight flip flops",2026-04-23T19:07:27.909288
product_87.jpg,success,Vibrant Orange Laptop Bag - Stylish & Durable,"Elevate your style and functionality with our Vibrant Orange Laptop Bag. Designed to stand out, this bag combines a striking orange hue with sleek black accents, ensuring you make a fashionable statement wherever you go. Crafted from durable materials, it promises to safeguard your electronics while offering ample space and organization. The adjustable crossbody strap and padded handles provide comfort and versatility for all-day use, whether you’re commuting or traveling. Its modern design, combined with practical features, makes it a must-have accessory for professionals and students alike.",Bold style — Eye-catching orange with black details | Durable protection — High-quality material construction | Comfortable carry — Adjustable strap and padded handles | Convenient storage — Multiple pockets for organization | Travel-friendly — Lightweight design for easy portability,"laptop bag, orange bag, stylish bag, durable laptop case, travel accessory, commuter bag, fashionable laptop bag, crossbody laptop bag, professional bag, student laptop case, modern laptop bag, laptop carry bag, vibrant bag, travel bag, functional bag",2026-04-23T19:07:47.991552
product_88.jpg,success,Stylish Performance Sneakers for Active Lifestyles,"Step up your game with these stylish performance sneakers, designed for both comfort and flair. Featuring a dynamic blend of sleek gray tones with vibrant red accents, these shoes not only ensure maximum support during physical activity but also complement any casual outfit. Mesh materials provide superior breathability, while the cushioned sole offers unparalleled comfort for all-day wear. Perfect for running, gym sessions, or casual strolls.",Unmatched comfort — Cushioned sole for all-day wear | Breathable design — Mesh materials keep your feet cool | Stylish aesthetic — Sleek gray with vibrant red accents | Versatile use — Suitable for sports and casual wear | Secure fit — Lace-up closure provides stability | Durable construction — Designed for long-lasting use,"performance sneakers, stylish sneakers, comfortable sneakers, breathable shoes, gray and red sneakers, athletic shoes, fashion sneakers, casual sneakers, gym shoes, running sneakers",2026-04-23T19:08:00.071541
product_89.jpg,success,Chic Boho Floral Blouse - Vibrant Elegance,"Elevate your wardrobe with our Chic Boho Floral Blouse. Designed to make a statement, this blouse features a captivating pink and purple floral pattern that exudes elegance and creativity. The soft, lightweight fabric ensures all-day comfort while its relaxed fit provides effortless style. Perfect for both casual outings and more formal occasions, the blouse pairs beautifully with both jeans and skirts. The short sleeves and deep V-neckline add a touch of sophistication, making it a versatile piece you'll love to wear again and again.","Elegant Design — Stunning pink and purple floral pattern | Comfortable Fit — Soft, lightweight fabric for all-day wear | Versatile Style — Perfect with jeans or skirts for any occasion | Sophisticated Details — Deep V-neckline for added allure | Breathable Material — Keeps you cool and comfortable | Relaxed Fashion — Casual yet chic for everyday wear","boho blouse, floral blouse, pink purple blouse, casual fashion, lightweight fabric, deep V-neckline, versatile top, chic boho style, women’s fashion, floral print top, summer blouse, elegant blouse, relaxed fit, stylish women’s wear, trendy tops",2026-04-23T19:08:12.015498
product_9.jpg,success,Sleek Black Minimalist Watch Unisex,"Elevate your style with this sleek black minimalist watch, perfect for any occasion. Its all-black design blends sophistication with versatility, making it a standout piece in your accessory collection. The slim profile ensures comfort and elegance, allowing you to wear it effortlessly throughout the day, whether at work or a casual outing. With a clear and simple dial, it provides easy time-telling, while the durable strap guarantees long-lasting wear. This watch is not just a timepiece but a statement of timeless fashion.",Stylish Elegance — All-black minimalist design | Versatile Wear — Ideal for both casual and formal settings | Comfortable Fit — Slim profile for all-day comfort | Durable Build — Reliable strap for long-lasting use | Easy Time-Telling — Clear and simple dial,"black watch, minimalist watch, unisex watch, fashion watch, sleek design, all-black watch, comfortable watch, versatile accessory, elegant timepiece, durable strap",2026-04-23T19:08:17.354853
product_90.jpg,success,Elegant Warm Brown Scarf for All Seasons,"Embrace elegance and warmth with this beautifully crafted brown scarf, perfect for any season. Its plush texture and rich, earthy tones add a touch of sophistication to any outfit. Whether you're dressing up for a night out or keeping it casual, this scarf complements all styles. The soft fabric feels gentle against your skin, providing both comfort and style. Its versatile design allows you to wrap it, drape it or knot it in endless ways, offering functionality and flair to your wardrobe.",Ultimate Comfort — Soft and gentle fabric | Versatile Style — Complements a variety of outfits | Premium Texture — Adds sophistication to your look | Warmth Retention — Ideal for both chilly and mild weather | Rich Earth Tones — Enhances your color palette | Durable Material — Long-lasting and easy to maintain,"brown scarf, stylish scarf, warm scarf, elegant accessory, versatile scarf, soft fabric scarf, fashion accessory, all-season scarf, earthy tones scarf, premium scarf, durable scarf, cozy scarf",2026-04-23T19:08:26.397379
product_91.jpg,success,Trendy Graphic Tee for Modern Style,"Elevate your casual wardrobe with this Trendy Graphic Tee, perfect for expressing your unique style. Featuring a visually striking and detailed design, this tee is crafted for both comfort and fashion-forward appeal. Ideal for everyday wear, it’s made from soft, breathable fabric that ensures all-day comfort. The modern print adds a touch of personality, making it an essential piece for any trendsetter.","Ultimate Comfort — Soft, breathable fabric | Stylish Design — Eye-catching graphic print | Versatile Wear — Perfect for casual outings | Durable Material — Long-lasting quality | Modern Fit — Complements any wardrobe | Easy Care — Machine washable convenience","graphic tee, trendy t-shirt, fashion clothing, stylish men's top, casual wear, breathable fabric, modern style, comfortable t-shirt, durable fashion, easy-care apparel, everyday style, statement tee",2026-04-23T19:08:30.963805
product_92.jpg,success,Elegant Royal Blue V-Neck Dress,"Step into elegance with our Fashion Product, a royal blue v-neck dress that promises both style and comfort. The deep hue is perfect for making a statement, whether at a formal event or a casual day out. Crafted with a flattering silhouette, this dress features a tasteful v-neckline that enhances your natural grace. The long sleeves provide a touch of sophistication while ensuring comfort in various climates. With a modest above-the-knee length, it's perfect for any occasion, from brunches to evening gatherings.",Flattering fit — Enhances silhouette with ease | Sophisticated v-neck — Adds elegance to any outfit | Long sleeves — Suitable for all seasons | Royal blue color — Bold and eye-catching | Versatile design — Perfect for day or night events | Comfortable fabric — Soft against the skin,"royal blue dress, v-neck dress, elegant dress, long sleeve dress, fashionable dress, women's dress, formal dress, casual dress, comfortable fashion, versatile dress, sophisticated style, chic blue dress, ladies fashion, stylish dress, trendsetting attire",2026-04-23T19:08:36.309385
product_93.jpg,success,Stylish Red Briefs with Bold Branding,"Elevate your wardrobe with these striking red briefs, designed for both style and comfort. The vibrant red hue stands out, while the bold black waistband with prominent yellow branding adds a touch of modern flair. Perfect for everyday wear, these briefs offer a snug fit and are crafted from soft, breathable fabric to ensure all-day comfort.","Comfortable fit — Soft, breathable fabric | Eye-catching design — Vibrant red color | Stylish waistband — Bold branding for a trendy look | Durable material — Ensures long-lasting wear | Perfect for daily use — Ideal blend of style and function","red briefs, stylish underwear, comfortable fit, branded waistband, men's fashion, breathable fabric, modern design underwear, durable briefs, everyday wear, vibrant briefs, trendy men's underwear",2026-04-23T19:08:41.487737
product_94.jpg,success,Comfortable Black Flip-Flops for Everyday Wear,"Step into ultimate comfort with these sleek black flip-flops, designed to complement any casual outfit. The soft footbed ensures every step feels cushioned, while the durable straps provide a secure fit. Perfect for those sunny days out, these flip-flops are your go-to choice for relaxed style and ease. With their versatile design, they effortlessly match with shorts, jeans, or your favorite beachwear.",Ultimate Comfort — Soft cushioned footbed | Secure Fit — Durable straps keep you steady | Versatile Design — Matches various casual outfits | Stylish Appearance — Sleek black color blends seamlessly | Lightweight Construction — Easy to carry and wear all day,"black flip-flops, comfortable sandals, casual footwear, stylish beachwear, lightweight flip-flops, durable straps, cushioned footbed, versatile sandals, summer footwear, everyday wear",2026-04-23T19:08:52.885424
product_97.jpg,success,Stylish Spherical Fashion Accessory,"Elevate your style with this eye-catching spherical fashion accessory, perfect for adding a pop of color to any outfit. Its bold red hue and sleek black trim create a striking contrast that demands attention. Ideal for fashion-forward individuals, this accessory combines aesthetics and affordability at just $29.99, making it a must-have in your collection.",Vibrant color — Bold red for standout style | Unique shape — Spherical design captures attention | Affordable luxury — High impact at a great price | Versatile use — Complements various fashion styles | Compact size — Easy to carry and use on-the-go,"spherical fashion accessory, bold red fashion, trendy fashion item, affordable fashion, unique fashion accessory, stylish fashion, fashion sphere, eye-catching design, fashion trends 2023, versatile fashion piece",2026-04-23T19:09:20.711849
